﻿<parameters>
  <parameter name="IIS Web Application Name" defaultValue="BetterBooks" tags="IisApp">
    <parameterEntry kind="ProviderPath" scope="IisApp" match="^C:\\code\\capstone\\BetterBooks\\BetterBooks\\obj\\Release\\Package\\PackageTmp$" />
    <parameterEntry kind="ProviderPath" scope="setAcl" match="^C:\\code\\capstone\\BetterBooks\\BetterBooks\\obj\\Release\\Package\\PackageTmp$" />
  </parameter>
  <parameter name="BetterBooks.Models.ApplicationDbContext-Web.config Connection String" defaultValue="BetterBooks.Models.ApplicationDbContext_ConnectionString">
    <parameterEntry kind="XmlFile" scope="C:\\code\\capstone\\BetterBooks\\BetterBooks\\obj\\Release\\Package\\PackageTmp\\Web\.config$" match="/configuration/connectionStrings/add[@name='BetterBooks.Models.ApplicationDbContext']/@connectionString" />
  </parameter>
  <parameter name="DefaultConnection-Web.config Connection String" defaultValue="Data Source=(LocalDb)\MSSQLLocalDB;AttachDbFilename=|DataDirectory|\BetterBooks.mdf;Initial Catalog=BetterBooks;Integrated Security=True">
    <parameterEntry kind="XmlFile" scope="C:\\code\\capstone\\BetterBooks\\BetterBooks\\obj\\Release\\Package\\PackageTmp\\Web\.config$" match="/configuration/connectionStrings/add[@name='DefaultConnection']/@connectionString" />
  </parameter>
</parameters>